{
    "using_synthetic_data": 1,

    "_comment": "using_synthetic_data=0: specify data_filename",
    "_comment": "using_synthetic_data=1: data_filename generated from json filename",
    "data_filename": "data/synthetic_data.csv",

    "num_sensors": 6,
    "num_timestamps": 9000,

    "data_preparation":{
        "_comment": "word = <word_length> chars (<word_length> minutes)",
        "word_length": 10,
        "_comment": "move sliding window forward <char_step> chars per time",
        "char_step": 1,

        "_comment": "sentence = <sentence_length> words",
        "_comment": "sentence duration (min) = <word_length> + (<sentence_length> - 1) * <char_step>",
        "sentence_length": 10,
        "_comment": "move sliding window forward <word_step> words per time",
        "word_step": 10,

        "_comment": "split sentences into train/dev/test",
        "dataset_split": {"train": 0.7, "dev": 0.2, "test": 0.1},

        "dummy": "dummy last"
    },

    "LKM":{
        "_comment": "count of the cardinality of each time series in real LKM data",
        "_cardinality_count": {"2":800, "3":140, "4":86, "5":7, "6":3, "7":7, "8":1},
        "cardinality_count": {"2":4, "3":3, "4":2, "5":1},
        "sensor_prefix": "CR2_"
    },
    
    "seq2seq":{
        "num_train_steps": 500,
        "steps_per_stats": 10,
        "num_layers": 2,
        "num_units": 128,
        "dropout": 0.2,
        "metrics": "bleu",

        "dummy": "dummy last"
    }
    
}


