{
    "_comment": "Below are parameters for word2vec using tensorflow",

    "word2vec":{
        "_comment": "num training steps",
        "num_steps": 100,

        "_comment": "batch_size to train word2vec",
        "batch_size": 128,

        "_comment": "dimension of embedding vector",
        "embedding_size": 10,
        
        "_comment": "how many words to consider left and right (context)",
        "skip_window": 2,

        "_comment": "how many times to reuse an input to generate a label",
        "num_skips": 2,

        "_comment": "Number of negative examples to sample. -- for NCE Loss",
        "num_sampled": 32,

        "_comment": "learning rate for SGD",
        "learning_rate": 1.0,

        "print_every": 10,
        "visualization_path": "visualization/word2vec/"
    },

    "gensim":{
        "iter": 100,
        "min_count": 2,
        "size": 10,
        "workers": 1,
        "batch_words": 128
    },

    "visualization": {
        "_comment": "if visualization_dimension=0, it means do not plot figures",
        "_visualization_dimension": 2,
        "visualization_dimension": 0,

        "_dummy": "dummy last"
    }
}